Sr. No,Date,From Hour,To Hour,Site,Location,Camera Name,2w,3w,hcv,lcv,lmv,others,person,Total Events,Lane1,Lane2,Lane3,random
2246,19-01-2024,12:00 AM,12:10 AM,Bhangagarh Bridge - 1,Guwahati,From Ulubari (Bhangagarh Bridge 1),56,12,6,2,40,2,2,120,58,62,0,0.757315584
2247,19-01-2024,12:00 AM,12:10 AM,Bhangagarh Bridge - 1,Guwahati,From ABC Point (Bhangagarh Bridge 1),10,11,0,0,29,0,1,51,26,25,0,0.512149492
2248,19-01-2024,12:00 AM,12:10 AM,Bhangagarh Bridge - 1,Guwahati,From Rajgarh (Bhangagarh Bridge 1),61,9,3,3,39,2,4,121,38,48,35,0.750629448
2249,19-01-2024,12:10 AM,12:20 AM,Bhangagarh Bridge - 1,Guwahati,From Rajgarh (Bhangagarh Bridge 1),16,7,4,0,23,3,9,62,10,52,0,0.976136021
2250,19-01-2024,12:10 AM,12:20 AM,Bhangagarh Bridge - 1,Guwahati,From ABC Point (Bhangagarh Bridge 1),2,0,2,0,4,0,0,8,3,5,0,0.522359066
2251,19-01-2024,12:10 AM,12:20 AM,Bhangagarh Bridge - 1,Guwahati,From Ulubari (Bhangagarh Bridge 1),54,8,5,2,47,0,5,121,56,65,0,0.362703954
2252,19-01-2024,12:20 AM,12:30 AM,Bhangagarh Bridge - 1,Guwahati,From ABC Point (Bhangagarh Bridge 1),17,2,1,0,9,0,8,37,17,20,0,0.446860804
2253,19-01-2024,12:20 AM,12:30 AM,Bhangagarh Bridge - 1,Guwahati,From Ulubari (Bhangagarh Bridge 1),0,0,0,0,6,0,0,6,0,6,0,0.427745952
2254,19-01-2024,12:20 AM,12:30 AM,Bhangagarh Bridge - 1,Guwahati,From Rajgarh (Bhangagarh Bridge 1),143,10,4,1,50,1,4,213,84,74,55,0.546551701
2255,19-01-2024,12:30 AM,12:40 AM,Bhangagarh Bridge - 1,Guwahati,From Rajgarh (Bhangagarh Bridge 1),39,8,0,4,25,9,7,92,42,50,0,0.637279158
2256,19-01-2024,12:30 AM,12:40 AM,Bhangagarh Bridge - 1,Guwahati,From ABC Point (Bhangagarh Bridge 1),65,4,0,8,34,1,10,122,55,67,0,0.57339925
2257,19-01-2024,12:30 AM,12:40 AM,Bhangagarh Bridge - 1,Guwahati,From Ulubari (Bhangagarh Bridge 1),74,7,3,4,30,3,4,125,41,52,32,0.685492695
2258,19-01-2024,12:40 AM,12:50 AM,Bhangagarh Bridge - 1,Guwahati,From Rajgarh (Bhangagarh Bridge 1),1,2,2,0,7,0,0,12,9,3,0,0.609513907
2259,19-01-2024,12:40 AM,12:50 AM,Bhangagarh Bridge - 1,Guwahati,From ABC Point (Bhangagarh Bridge 1),56,15,0,7,29,1,7,115,54,61,0,0.496458578
2260,19-01-2024,12:40 AM,12:50 AM,Bhangagarh Bridge - 1,Guwahati,From Ulubari (Bhangagarh Bridge 1),97,13,2,6,84,1,9,212,80,83,49,0.846812603
2261,19-01-2024,12:50 AM,1:00 AM,Bhangagarh Bridge - 1,Guwahati,From Ulubari (Bhangagarh Bridge 1),35,5,8,9,14,5,7,83,41,42,0,0.879554901
2262,19-01-2024,12:50 AM,1:00 AM,Bhangagarh Bridge - 1,Guwahati,From ABC Point (Bhangagarh Bridge 1),0,0,0,0,2,0,0,2,1,1,0,0.941577778
2263,19-01-2024,12:50 AM,1:00 AM,Bhangagarh Bridge - 1,Guwahati,From Rajgarh (Bhangagarh Bridge 1),119,22,6,2,81,1,16,247,108,139,0,0.363686343
2264,19-01-2024,1:00 AM,1:10 AM,Bhangagarh Bridge - 1,Guwahati,From Ulubari (Bhangagarh Bridge 1),1,0,1,0,2,0,0,4,0,3,1,0.59365443
2265,19-01-2024,1:00 AM,1:10 AM,Bhangagarh Bridge - 1,Guwahati,From ABC Point (Bhangagarh Bridge 1),40,7,0,0,18,4,15,84,29,55,0,0.766568109
2266,19-01-2024,1:00 AM,1:10 AM,Bhangagarh Bridge - 1,Guwahati,From Rajgarh (Bhangagarh Bridge 1),34,8,7,4,18,1,3,75,41,34,0,0.707984763
2267,19-01-2024,1:10 AM,1:20 AM,Bhangagarh Bridge - 1,Guwahati,From ABC Point (Bhangagarh Bridge 1),7,0,0,0,26,0,0,33,13,20,0,0.370499748
2268,19-01-2024,1:10 AM,1:20 AM,Bhangagarh Bridge - 1,Guwahati,From Ulubari (Bhangagarh Bridge 1),1,0,0,0,2,0,0,3,0,3,0,0.481026532
2269,19-01-2024,1:20 AM,1:30 AM,Bhangagarh Bridge - 1,Guwahati,From Ulubari (Bhangagarh Bridge 1),78,4,5,4,38,0,4,133,54,45,34,0.366580766
2270,19-01-2024,1:20 AM,1:30 AM,Bhangagarh Bridge - 1,Guwahati,From ABC Point (Bhangagarh Bridge 1),80,2,2,1,51,1,1,138,52,60,26,0.759766901
2271,19-01-2024,1:20 AM,1:30 AM,Bhangagarh Bridge - 1,Guwahati,From Rajgarh (Bhangagarh Bridge 1),33,5,5,0,30,0,0,73,39,34,0,0.974341089
2272,19-01-2024,1:30 AM,1:40 AM,Bhangagarh Bridge - 1,Guwahati,From ABC Point (Bhangagarh Bridge 1),26,11,7,7,22,2,0,75,32,43,0,0.807191371
2273,19-01-2024,1:30 AM,1:40 AM,Bhangagarh Bridge - 1,Guwahati,From Ulubari (Bhangagarh Bridge 1),72,3,2,7,30,3,4,121,43,46,32,0.178958658
2274,19-01-2024,1:40 AM,1:50 AM,Bhangagarh Bridge - 1,Guwahati,From Ulubari (Bhangagarh Bridge 1),2,1,0,0,21,0,0,24,15,9,0,0.016336712
2275,19-01-2024,1:40 AM,1:50 AM,Bhangagarh Bridge - 1,Guwahati,From ABC Point (Bhangagarh Bridge 1),0,0,0,0,1,0,0,1,1,0,0,0.979680217
2276,19-01-2024,1:40 AM,1:50 AM,Bhangagarh Bridge - 1,Guwahati,From Rajgarh (Bhangagarh Bridge 1),2,0,0,0,2,0,0,4,0,3,1,0.44420696
2277,19-01-2024,1:50 AM,2:00 AM,Bhangagarh Bridge - 1,Guwahati,From Ulubari (Bhangagarh Bridge 1),38,0,2,0,21,0,0,61,22,25,14,0.127300909
2278,19-01-2024,1:50 AM,2:00 AM,Bhangagarh Bridge - 1,Guwahati,From ABC Point (Bhangagarh Bridge 1),25,7,0,2,47,0,2,83,40,43,0,0.53776488
2279,19-01-2024,2:00 AM,2:10 AM,Bhangagarh Bridge - 1,Guwahati,From Rajgarh (Bhangagarh Bridge 1),42,3,0,3,26,2,11,87,36,51,0,0.078274527
2280,19-01-2024,2:00 AM,2:10 AM,Bhangagarh Bridge - 1,Guwahati,From ABC Point (Bhangagarh Bridge 1),55,12,2,4,45,0,9,127,64,63,0,0.15507038
2281,19-01-2024,2:00 AM,2:10 AM,Bhangagarh Bridge - 1,Guwahati,From Ulubari (Bhangagarh Bridge 1),51,9,1,8,32,4,11,116,59,57,0,0.41711344
2282,19-01-2024,2:10 AM,2:20 AM,Bhangagarh Bridge - 1,Guwahati,From Ulubari (Bhangagarh Bridge 1),112,8,4,9,47,2,5,187,72,64,51,0.50392501
2283,19-01-2024,2:10 AM,2:20 AM,Bhangagarh Bridge - 1,Guwahati,From ABC Point (Bhangagarh Bridge 1),49,4,5,3,31,1,11,104,32,54,18,0.101803183
2284,19-01-2024,2:20 AM,2:30 AM,Bhangagarh Bridge - 1,Guwahati,From ABC Point (Bhangagarh Bridge 1),58,5,12,6,44,2,5,132,65,67,0,0.581176854
2285,19-01-2024,2:20 AM,2:30 AM,Bhangagarh Bridge - 1,Guwahati,From Rajgarh (Bhangagarh Bridge 1),48,9,9,9,35,9,4,123,56,67,0,0.267531086
2286,19-01-2024,2:20 AM,2:30 AM,Bhangagarh Bridge - 1,Guwahati,From Ulubari (Bhangagarh Bridge 1),68,4,4,1,31,1,4,113,31,48,34,0.315500847
2287,19-01-2024,2:30 AM,2:40 AM,Bhangagarh Bridge - 1,Guwahati,From Ulubari (Bhangagarh Bridge 1),7,4,0,4,8,0,4,27,12,15,0,0.391860733
2288,19-01-2024,2:30 AM,2:40 AM,Bhangagarh Bridge - 1,Guwahati,From Rajgarh (Bhangagarh Bridge 1),50,2,4,2,28,0,4,90,32,37,21,0.324617932
2289,19-01-2024,2:30 AM,2:40 AM,Bhangagarh Bridge - 1,Guwahati,From ABC Point (Bhangagarh Bridge 1),1,0,0,0,6,0,0,7,4,3,0,0.585910421
2290,19-01-2024,2:40 AM,2:50 AM,Bhangagarh Bridge - 1,Guwahati,From Ulubari (Bhangagarh Bridge 1),2,0,1,0,13,0,0,16,7,9,0,0.662723122
2291,19-01-2024,2:40 AM,2:50 AM,Bhangagarh Bridge - 1,Guwahati,From ABC Point (Bhangagarh Bridge 1),17,1,3,0,16,0,0,37,10,21,6,0.80428587
2292,19-01-2024,2:50 AM,3:00 AM,Bhangagarh Bridge - 1,Guwahati,From ABC Point (Bhangagarh Bridge 1),67,7,2,10,50,0,0,136,65,71,0,0.636940319
2293,19-01-2024,2:50 AM,3:00 AM,Bhangagarh Bridge - 1,Guwahati,From Ulubari (Bhangagarh Bridge 1),7,0,0,0,4,0,3,14,5,7,2,0.664647762
2294,19-01-2024,3:00 AM,3:10 AM,Bhangagarh Bridge - 1,Guwahati,From ABC Point (Bhangagarh Bridge 1),84,6,3,3,31,0,4,131,47,50,34,0.382677002
2295,19-01-2024,3:00 AM,3:10 AM,Bhangagarh Bridge - 1,Guwahati,From Ulubari (Bhangagarh Bridge 1),34,3,2,2,25,3,7,76,20,56,0,0.823665211
2296,19-01-2024,3:10 AM,3:20 AM,Bhangagarh Bridge - 1,Guwahati,From Ulubari (Bhangagarh Bridge 1),34,13,0,1,35,0,0,83,44,39,0,0.003714874
2297,19-01-2024,3:10 AM,3:20 AM,Bhangagarh Bridge - 1,Guwahati,From ABC Point (Bhangagarh Bridge 1),8,1,4,3,9,2,5,32,1,31,0,0.663051715
2298,19-01-2024,3:20 AM,3:30 AM,Bhangagarh Bridge - 1,Guwahati,From ABC Point (Bhangagarh Bridge 1),103,10,4,2,67,1,10,197,89,108,0,0.97668702
2299,19-01-2024,3:20 AM,3:30 AM,Bhangagarh Bridge - 1,Guwahati,From Rajgarh (Bhangagarh Bridge 1),64,5,1,7,54,0,11,142,70,72,0,0.310840271
2300,19-01-2024,3:20 AM,3:30 AM,Bhangagarh Bridge - 1,Guwahati,From Ulubari (Bhangagarh Bridge 1),36,1,3,2,14,2,6,64,21,33,10,0.727512264
2301,19-01-2024,3:30 AM,3:40 AM,Bhangagarh Bridge - 1,Guwahati,From Ulubari (Bhangagarh Bridge 1),34,2,1,0,23,0,0,60,38,22,0,0.821465462
2302,19-01-2024,3:30 AM,3:40 AM,Bhangagarh Bridge - 1,Guwahati,From ABC Point (Bhangagarh Bridge 1),39,13,0,1,40,0,13,106,54,52,0,0.631814653
2303,19-01-2024,3:40 AM,3:50 AM,Bhangagarh Bridge - 1,Guwahati,From ABC Point (Bhangagarh Bridge 1),67,7,4,3,38,0,5,124,64,60,0,0.684115225
2304,19-01-2024,3:40 AM,3:50 AM,Bhangagarh Bridge - 1,Guwahati,From Ulubari (Bhangagarh Bridge 1),0,2,0,0,0,0,0,2,0,2,0,0.570223187
2305,19-01-2024,3:50 AM,4:00 AM,Bhangagarh Bridge - 1,Guwahati,From ABC Point (Bhangagarh Bridge 1),80,6,2,9,30,0,2,129,42,51,36,0.277445508
2306,19-01-2024,3:50 AM,4:00 AM,Bhangagarh Bridge - 1,Guwahati,From Ulubari (Bhangagarh Bridge 1),2,2,0,0,29,0,0,33,15,18,0,0.720100942
2307,19-01-2024,4:00 AM,4:10 AM,Bhangagarh Bridge - 1,Guwahati,From Ulubari (Bhangagarh Bridge 1),77,0,1,0,28,0,0,106,34,47,25,0.030052271
2308,19-01-2024,4:00 AM,4:10 AM,Bhangagarh Bridge - 1,Guwahati,From ABC Point (Bhangagarh Bridge 1),47,12,6,0,25,1,6,97,45,52,0,0.87818915
2309,19-01-2024,4:10 AM,4:20 AM,Bhangagarh Bridge - 1,Guwahati,From Ulubari (Bhangagarh Bridge 1),49,15,0,7,39,8,6,124,58,66,0,0.412662823
2310,19-01-2024,4:20 AM,4:30 AM,Bhangagarh Bridge - 1,Guwahati,From ABC Point (Bhangagarh Bridge 1),67,10,4,9,38,1,6,135,67,68,0,0.871478499
2311,19-01-2024,4:20 AM,4:30 AM,Bhangagarh Bridge - 1,Guwahati,From Ulubari (Bhangagarh Bridge 1),8,1,0,0,53,0,0,62,43,19,0,0.253990314
2312,19-01-2024,4:30 AM,4:40 AM,Bhangagarh Bridge - 1,Guwahati,From Ulubari (Bhangagarh Bridge 1),2,0,0,0,1,0,0,3,0,2,1,0.119599366
2313,19-01-2024,4:30 AM,4:40 AM,Bhangagarh Bridge - 1,Guwahati,From ABC Point (Bhangagarh Bridge 1),47,2,0,0,17,0,0,66,22,34,10,0.464925432
2314,19-01-2024,4:40 AM,4:50 AM,Bhangagarh Bridge - 1,Guwahati,From ABC Point (Bhangagarh Bridge 1),61,6,2,4,43,1,5,122,54,68,0,0.410715017
2315,19-01-2024,4:40 AM,4:50 AM,Bhangagarh Bridge - 1,Guwahati,From Ulubari (Bhangagarh Bridge 1),80,8,0,4,37,2,0,131,54,43,34,0.553469793
2316,19-01-2024,4:50 AM,5:00 AM,Bhangagarh Bridge - 1,Guwahati,From Ulubari (Bhangagarh Bridge 1),60,12,2,12,37,6,9,138,68,70,0,0.255211643
2317,19-01-2024,4:50 AM,5:00 AM,Bhangagarh Bridge - 1,Guwahati,From ABC Point (Bhangagarh Bridge 1),39,4,3,4,21,2,5,78,32,35,11,0.750376753
2318,19-01-2024,5:00 AM,5:10 AM,Bhangagarh Bridge - 1,Guwahati,From Ulubari (Bhangagarh Bridge 1),14,1,0,3,3,2,1,24,3,16,5,0.0437279
2319,19-01-2024,5:10 AM,5:20 AM,Bhangagarh Bridge - 1,Guwahati,From Ulubari (Bhangagarh Bridge 1),6,3,1,0,3,0,0,13,10,3,0,0.121970865
2320,19-01-2024,5:10 AM,5:20 AM,Bhangagarh Bridge - 1,Guwahati,From ABC Point (Bhangagarh Bridge 1),33,3,0,0,35,1,15,87,38,49,0,0.496006367
2321,19-01-2024,5:20 AM,5:30 AM,Bhangagarh Bridge - 1,Guwahati,From ABC Point (Bhangagarh Bridge 1),14,1,0,0,54,0,0,69,42,27,0,0.570583784
2322,19-01-2024,5:20 AM,5:30 AM,Bhangagarh Bridge - 1,Guwahati,From Ulubari (Bhangagarh Bridge 1),69,4,2,0,33,1,1,110,34,49,27,0.487664133
2323,19-01-2024,5:30 AM,5:40 AM,Bhangagarh Bridge - 1,Guwahati,From Rajgarh (Bhangagarh Bridge 1),71,9,4,7,38,0,5,134,62,72,0,0.001411705
2324,19-01-2024,5:30 AM,5:40 AM,Bhangagarh Bridge - 1,Guwahati,From Ulubari (Bhangagarh Bridge 1),40,11,5,10,28,6,4,104,54,50,0,0.872345897
2325,19-01-2024,5:30 AM,5:40 AM,Bhangagarh Bridge - 1,Guwahati,From ABC Point (Bhangagarh Bridge 1),31,3,0,2,25,4,7,72,33,39,0,0.530289844
2326,19-01-2024,5:40 AM,5:50 AM,Bhangagarh Bridge - 1,Guwahati,From Rajgarh (Bhangagarh Bridge 1),67,3,4,10,39,3,2,128,43,42,43,0.235041323
2327,19-01-2024,5:40 AM,5:50 AM,Bhangagarh Bridge - 1,Guwahati,From Ulubari (Bhangagarh Bridge 1),55,3,0,2,20,0,1,81,27,37,17,0.457166935
2328,19-01-2024,5:40 AM,5:50 AM,Bhangagarh Bridge - 1,Guwahati,From ABC Point (Bhangagarh Bridge 1),15,9,2,0,9,3,4,42,16,26,0,0.343263892
2329,19-01-2024,5:50 AM,6:00 AM,Bhangagarh Bridge - 1,Guwahati,From Ulubari (Bhangagarh Bridge 1),16,0,0,0,32,0,0,48,27,21,0,0.485169338
2330,19-01-2024,5:50 AM,6:00 AM,Bhangagarh Bridge - 1,Guwahati,From ABC Point (Bhangagarh Bridge 1),5,1,1,0,4,0,0,11,5,6,0,0.809901095
2331,19-01-2024,5:50 AM,6:00 AM,Bhangagarh Bridge - 1,Guwahati,From Rajgarh (Bhangagarh Bridge 1),76,12,1,6,37,2,2,136,63,73,0,0.160832804
2332,19-01-2024,6:00 AM,6:10 AM,Bhangagarh Bridge - 1,Guwahati,From Ulubari (Bhangagarh Bridge 1),27,2,0,0,46,0,0,75,32,43,0,0.030635748
2333,19-01-2024,6:00 AM,6:10 AM,Bhangagarh Bridge - 1,Guwahati,From Rajgarh (Bhangagarh Bridge 1),72,15,4,8,39,0,6,144,68,76,0,0.789908828
2334,19-01-2024,6:00 AM,6:10 AM,Bhangagarh Bridge - 1,Guwahati,From ABC Point (Bhangagarh Bridge 1),70,8,2,1,41,0,2,124,37,54,33,0.822727547
2335,19-01-2024,6:10 AM,6:20 AM,Bhangagarh Bridge - 1,Guwahati,From ABC Point (Bhangagarh Bridge 1),3,2,2,1,9,0,0,17,4,13,0,0.987726428
2336,19-01-2024,6:10 AM,6:20 AM,Bhangagarh Bridge - 1,Guwahati,From Ulubari (Bhangagarh Bridge 1),82,5,5,2,51,0,1,146,54,52,40,0.981260266
2337,19-01-2024,6:10 AM,6:20 AM,Bhangagarh Bridge - 1,Guwahati,From Rajgarh (Bhangagarh Bridge 1),51,7,0,5,36,1,12,112,48,64,0,0.918864109
2338,19-01-2024,6:20 AM,6:30 AM,Bhangagarh Bridge - 1,Guwahati,From Ulubari (Bhangagarh Bridge 1),42,3,0,0,47,3,12,107,50,57,0,0.50607184
2339,19-01-2024,6:20 AM,6:30 AM,Bhangagarh Bridge - 1,Guwahati,From Rajgarh (Bhangagarh Bridge 1),36,5,0,1,41,2,10,95,38,57,0,0.494268843
2340,19-01-2024,6:20 AM,6:30 AM,Bhangagarh Bridge - 1,Guwahati,From ABC Point (Bhangagarh Bridge 1),0,0,0,0,1,0,0,1,0,1,0,0.894078793
2341,19-01-2024,6:30 AM,6:40 AM,Bhangagarh Bridge - 1,Guwahati,From ABC Point (Bhangagarh Bridge 1),26,5,0,0,58,0,0,89,47,42,0,0.47077354
2342,19-01-2024,6:30 AM,6:40 AM,Bhangagarh Bridge - 1,Guwahati,From Rajgarh (Bhangagarh Bridge 1),2,0,0,0,6,0,0,8,1,7,0,0.325428236
2343,19-01-2024,6:30 AM,6:40 AM,Bhangagarh Bridge - 1,Guwahati,From Ulubari (Bhangagarh Bridge 1),118,16,7,15,73,5,18,252,119,133,0,0.082473035
2344,19-01-2024,6:40 AM,6:50 AM,Bhangagarh Bridge - 1,Guwahati,From Ulubari (Bhangagarh Bridge 1),46,7,2,9,30,9,5,108,55,53,0,0.38807069
2345,19-01-2024,6:40 AM,6:50 AM,Bhangagarh Bridge - 1,Guwahati,From ABC Point (Bhangagarh Bridge 1),53,6,1,2,29,0,13,104,42,62,0,0.047150971
2346,19-01-2024,6:40 AM,6:50 AM,Bhangagarh Bridge - 1,Guwahati,From Rajgarh (Bhangagarh Bridge 1),61,8,0,6,12,0,9,96,36,43,17,0.86034421
2347,19-01-2024,6:50 AM,7:00 AM,Bhangagarh Bridge - 1,Guwahati,From Ulubari (Bhangagarh Bridge 1),55,14,0,1,43,0,6,119,55,64,0,0.636639154
2348,19-01-2024,6:50 AM,7:00 AM,Bhangagarh Bridge - 1,Guwahati,From ABC Point (Bhangagarh Bridge 1),40,7,11,2,33,2,4,99,51,48,0,0.207178417
2349,19-01-2024,6:50 AM,7:00 AM,Bhangagarh Bridge - 1,Guwahati,From Rajgarh (Bhangagarh Bridge 1),55,12,2,1,60,0,8,138,63,75,0,0.016661162
2350,19-01-2024,7:00 AM,7:10 AM,Bhangagarh Bridge - 1,Guwahati,From Rajgarh (Bhangagarh Bridge 1),58,12,6,9,35,4,13,137,69,68,0,0.604559578
2351,19-01-2024,7:00 AM,7:10 AM,Bhangagarh Bridge - 1,Guwahati,From ABC Point (Bhangagarh Bridge 1),29,3,1,0,19,1,0,53,28,25,0,0.225620811
2352,19-01-2024,7:00 AM,7:10 AM,Bhangagarh Bridge - 1,Guwahati,From Ulubari (Bhangagarh Bridge 1),75,6,2,4,41,3,8,139,57,59,23,0.643224484
2353,19-01-2024,7:10 AM,7:20 AM,Bhangagarh Bridge - 1,Guwahati,From ABC Point (Bhangagarh Bridge 1),1,1,0,0,20,0,0,22,11,11,0,0.805120904
2354,19-01-2024,7:10 AM,7:20 AM,Bhangagarh Bridge - 1,Guwahati,From Rajgarh (Bhangagarh Bridge 1),51,3,1,0,39,2,13,109,52,57,0,0.345540247
2355,19-01-2024,7:10 AM,7:20 AM,Bhangagarh Bridge - 1,Guwahati,From Ulubari (Bhangagarh Bridge 1),1,1,2,0,2,0,0,6,3,3,0,0.471221641
2356,19-01-2024,7:20 AM,7:30 AM,Bhangagarh Bridge - 1,Guwahati,From Ulubari (Bhangagarh Bridge 1),0,0,0,0,1,0,0,1,0,1,0,0.043320006
2357,19-01-2024,7:20 AM,7:30 AM,Bhangagarh Bridge - 1,Guwahati,From Rajgarh (Bhangagarh Bridge 1),61,8,0,2,27,0,13,111,52,59,0,0.896761298
2358,19-01-2024,7:20 AM,7:30 AM,Bhangagarh Bridge - 1,Guwahati,From ABC Point (Bhangagarh Bridge 1),77,4,1,2,41,0,1,126,43,46,37,0.817659402
2359,19-01-2024,7:30 AM,7:40 AM,Bhangagarh Bridge - 1,Guwahati,From ABC Point (Bhangagarh Bridge 1),52,2,1,0,29,0,2,86,26,36,24,0.729255382
2360,19-01-2024,7:30 AM,7:40 AM,Bhangagarh Bridge - 1,Guwahati,From Rajgarh (Bhangagarh Bridge 1),110,17,3,10,71,1,5,217,104,113,0,0.318096106
2361,19-01-2024,7:30 AM,7:40 AM,Bhangagarh Bridge - 1,Guwahati,From Ulubari (Bhangagarh Bridge 1),45,3,0,0,23,0,5,76,30,31,15,0.267765978
2362,19-01-2024,7:40 AM,7:50 AM,Bhangagarh Bridge - 1,Guwahati,From Ulubari (Bhangagarh Bridge 1),7,0,1,0,4,0,0,12,1,10,1,0.317235886
2363,19-01-2024,7:40 AM,7:50 AM,Bhangagarh Bridge - 1,Guwahati,From Rajgarh (Bhangagarh Bridge 1),40,11,1,8,37,5,12,114,51,63,0,0.306829158
2364,19-01-2024,7:40 AM,7:50 AM,Bhangagarh Bridge - 1,Guwahati,From ABC Point (Bhangagarh Bridge 1),0,0,1,0,4,0,0,5,1,4,0,0.938651648
2365,19-01-2024,7:50 AM,8:00 AM,Bhangagarh Bridge - 1,Guwahati,From Rajgarh (Bhangagarh Bridge 1),7,0,0,0,34,0,0,41,31,10,0,0.972899881
2366,19-01-2024,7:50 AM,8:00 AM,Bhangagarh Bridge - 1,Guwahati,From Ulubari (Bhangagarh Bridge 1),62,13,3,4,42,1,1,126,66,60,0,0.026315187
2367,19-01-2024,7:50 AM,8:00 AM,Bhangagarh Bridge - 1,Guwahati,From ABC Point (Bhangagarh Bridge 1),63,19,8,2,54,0,4,150,79,71,0,0.623582326
2368,19-01-2024,8:00 AM,8:10 AM,Bhangagarh Bridge - 1,Guwahati,From ABC Point (Bhangagarh Bridge 1),3,0,0,0,2,0,0,5,1,4,0,0.41121999
2369,19-01-2024,8:00 AM,8:10 AM,Bhangagarh Bridge - 1,Guwahati,From Rajgarh (Bhangagarh Bridge 1),51,7,5,2,34,0,4,103,51,52,0,0.947962972
2370,19-01-2024,8:00 AM,8:10 AM,Bhangagarh Bridge - 1,Guwahati,From Ulubari (Bhangagarh Bridge 1),51,13,0,3,42,1,9,119,57,62,0,0.845791418
2371,19-01-2024,8:10 AM,8:20 AM,Bhangagarh Bridge - 1,Guwahati,From Ulubari (Bhangagarh Bridge 1),2,1,2,0,4,0,0,9,3,6,0,0.728633673
2372,19-01-2024,8:10 AM,8:20 AM,Bhangagarh Bridge - 1,Guwahati,From Rajgarh (Bhangagarh Bridge 1),76,6,2,6,21,3,6,120,37,50,33,0.877565951
2373,19-01-2024,8:10 AM,8:20 AM,Bhangagarh Bridge - 1,Guwahati,From ABC Point (Bhangagarh Bridge 1),8,1,2,1,14,2,3,31,3,28,0,0.501093092
2374,19-01-2024,8:20 AM,8:30 AM,Bhangagarh Bridge - 1,Guwahati,From ABC Point (Bhangagarh Bridge 1),16,1,2,2,21,2,2,46,14,20,12,0.435335877
2375,19-01-2024,8:20 AM,8:30 AM,Bhangagarh Bridge - 1,Guwahati,From Rajgarh (Bhangagarh Bridge 1),103,1,5,3,40,0,3,155,46,67,42,0.884197304
2376,19-01-2024,8:20 AM,8:30 AM,Bhangagarh Bridge - 1,Guwahati,From Ulubari (Bhangagarh Bridge 1),57,7,0,11,38,4,6,123,61,62,0,0.091686357
2377,19-01-2024,8:30 AM,8:40 AM,Bhangagarh Bridge - 1,Guwahati,From Ulubari (Bhangagarh Bridge 1),0,0,0,0,3,0,0,3,0,3,0,0.20247652
2378,19-01-2024,8:30 AM,8:40 AM,Bhangagarh Bridge - 1,Guwahati,From Rajgarh (Bhangagarh Bridge 1),22,0,4,0,7,0,0,33,6,21,6,0.472415353
2379,19-01-2024,8:30 AM,8:40 AM,Bhangagarh Bridge - 1,Guwahati,From ABC Point (Bhangagarh Bridge 1),113,6,6,0,70,0,0,195,81,70,44,0.3741463
2380,19-01-2024,8:40 AM,8:50 AM,Bhangagarh Bridge - 1,Guwahati,From ABC Point (Bhangagarh Bridge 1),114,3,6,4,81,0,1,209,71,81,57,0.887103301
2381,19-01-2024,8:40 AM,8:50 AM,Bhangagarh Bridge - 1,Guwahati,From Rajgarh (Bhangagarh Bridge 1),49,5,0,5,34,3,14,110,47,63,0,0.580874697
2382,19-01-2024,8:40 AM,8:50 AM,Bhangagarh Bridge - 1,Guwahati,From Ulubari (Bhangagarh Bridge 1),7,3,3,3,9,1,0,26,4,14,8,0.3054756
2383,19-01-2024,8:50 AM,9:00 AM,Bhangagarh Bridge - 1,Guwahati,From ABC Point (Bhangagarh Bridge 1),5,1,0,0,37,0,0,43,33,10,0,0.482059194
2384,19-01-2024,8:50 AM,9:00 AM,Bhangagarh Bridge - 1,Guwahati,From Rajgarh (Bhangagarh Bridge 1),1,0,0,0,0,0,0,1,0,1,0,0.057698954
2385,19-01-2024,8:50 AM,9:00 AM,Bhangagarh Bridge - 1,Guwahati,From Ulubari (Bhangagarh Bridge 1),64,5,1,1,30,0,6,107,28,79,0,0.196572724
2386,19-01-2024,9:00 AM,9:10 AM,Bhangagarh Bridge - 1,Guwahati,From Ulubari (Bhangagarh Bridge 1),3,0,1,0,0,0,0,4,0,4,0,0.201362664
2387,19-01-2024,9:00 AM,9:10 AM,Bhangagarh Bridge - 1,Guwahati,From Rajgarh (Bhangagarh Bridge 1),54,8,2,3,44,2,10,123,51,72,0,0.280313472
2388,19-01-2024,9:00 AM,9:10 AM,Bhangagarh Bridge - 1,Guwahati,From ABC Point (Bhangagarh Bridge 1),12,0,2,0,11,0,0,25,14,11,0,0.107403275
2389,19-01-2024,9:10 AM,9:20 AM,Bhangagarh Bridge - 1,Guwahati,From Ulubari (Bhangagarh Bridge 1),47,9,2,3,43,2,10,116,50,66,0,0.801922428
2390,19-01-2024,9:10 AM,9:20 AM,Bhangagarh Bridge - 1,Guwahati,From ABC Point (Bhangagarh Bridge 1),1,1,0,0,19,0,0,21,11,10,0,0.166023141
2391,19-01-2024,9:10 AM,9:20 AM,Bhangagarh Bridge - 1,Guwahati,From Rajgarh (Bhangagarh Bridge 1),41,7,2,1,16,2,2,71,29,30,12,0.855325615
2392,19-01-2024,9:20 AM,9:30 AM,Bhangagarh Bridge - 1,Guwahati,From Ulubari (Bhangagarh Bridge 1),1,0,0,0,1,0,0,2,1,1,0,0.247460645
2393,19-01-2024,9:20 AM,9:30 AM,Bhangagarh Bridge - 1,Guwahati,From ABC Point (Bhangagarh Bridge 1),136,26,9,11,87,0,12,281,131,150,0,0.447930231
2394,19-01-2024,9:20 AM,9:30 AM,Bhangagarh Bridge - 1,Guwahati,From Rajgarh (Bhangagarh Bridge 1),11,0,1,0,8,0,0,20,1,15,4,0.058205967
2395,19-01-2024,9:30 AM,9:40 AM,Bhangagarh Bridge - 1,Guwahati,From Ulubari (Bhangagarh Bridge 1),0,0,0,0,3,0,1,4,0,4,0,0.219947948
2396,19-01-2024,9:30 AM,9:40 AM,Bhangagarh Bridge - 1,Guwahati,From Rajgarh (Bhangagarh Bridge 1),59,3,6,7,33,0,4,112,31,51,30,0.279068062
2397,19-01-2024,9:30 AM,9:40 AM,Bhangagarh Bridge - 1,Guwahati,From ABC Point (Bhangagarh Bridge 1),116,24,3,10,49,7,18,227,97,130,0,0.535210324
2398,19-01-2024,9:40 AM,9:50 AM,Bhangagarh Bridge - 1,Guwahati,From ABC Point (Bhangagarh Bridge 1),13,1,3,0,2,0,2,21,5,14,2,0.541213505
2399,19-01-2024,9:40 AM,9:50 AM,Bhangagarh Bridge - 1,Guwahati,From Ulubari (Bhangagarh Bridge 1),58,9,3,11,27,2,9,119,59,60,0,0.023365815
2400,19-01-2024,9:40 AM,9:50 AM,Bhangagarh Bridge - 1,Guwahati,From Rajgarh (Bhangagarh Bridge 1),81,4,7,0,39,0,2,133,57,44,32,0.557980652
2401,19-01-2024,9:50 AM,10:00 AM,Bhangagarh Bridge - 1,Guwahati,From Ulubari (Bhangagarh Bridge 1),58,4,5,6,30,0,2,105,43,48,14,0.392436765
2402,19-01-2024,9:50 AM,10:00 AM,Bhangagarh Bridge - 1,Guwahati,From ABC Point (Bhangagarh Bridge 1),58,5,4,6,41,2,3,119,40,55,24,0.606466231
2403,19-01-2024,9:50 AM,10:00 AM,Bhangagarh Bridge - 1,Guwahati,From Rajgarh (Bhangagarh Bridge 1),35,11,3,1,32,0,4,86,41,45,0,0.054587238
2404,19-01-2024,10:00 AM,10:10 AM,Bhangagarh Bridge - 1,Guwahati,From ABC Point (Bhangagarh Bridge 1),83,2,1,13,29,0,6,134,45,52,37,0.584944295
2405,19-01-2024,10:00 AM,10:10 AM,Bhangagarh Bridge - 1,Guwahati,From Rajgarh (Bhangagarh Bridge 1),48,11,4,6,34,5,7,115,57,58,0,0.876127297
2406,19-01-2024,10:00 AM,10:10 AM,Bhangagarh Bridge - 1,Guwahati,From Ulubari (Bhangagarh Bridge 1),91,16,1,8,29,0,3,148,52,54,42,0.452238212
2407,19-01-2024,10:10 AM,10:20 AM,Bhangagarh Bridge - 1,Guwahati,From ABC Point (Bhangagarh Bridge 1),10,0,2,0,5,0,0,17,10,7,0,0.087794173
2408,19-01-2024,10:10 AM,10:20 AM,Bhangagarh Bridge - 1,Guwahati,From Rajgarh (Bhangagarh Bridge 1),0,0,0,0,2,0,0,2,0,2,0,0.082160705
2409,19-01-2024,10:10 AM,10:20 AM,Bhangagarh Bridge - 1,Guwahati,From Ulubari (Bhangagarh Bridge 1),24,3,3,4,14,3,2,53,27,26,0,0.218690512
2410,19-01-2024,10:20 AM,10:30 AM,Bhangagarh Bridge - 1,Guwahati,From Rajgarh (Bhangagarh Bridge 1),15,0,5,0,20,0,0,40,16,24,0,0.846952043
2411,19-01-2024,10:20 AM,10:30 AM,Bhangagarh Bridge - 1,Guwahati,From ABC Point (Bhangagarh Bridge 1),40,1,2,1,26,0,1,71,17,45,9,0.312255193
2412,19-01-2024,10:20 AM,10:30 AM,Bhangagarh Bridge - 1,Guwahati,From Ulubari (Bhangagarh Bridge 1),8,0,0,0,45,0,0,53,42,11,0,0.853445082
2413,19-01-2024,10:30 AM,10:40 AM,Bhangagarh Bridge - 1,Guwahati,From Ulubari (Bhangagarh Bridge 1),79,6,3,3,34,1,2,128,41,45,42,0.18838179
2414,19-01-2024,10:30 AM,10:40 AM,Bhangagarh Bridge - 1,Guwahati,From Rajgarh (Bhangagarh Bridge 1),2,7,6,0,15,0,0,30,14,16,0,0.143418906
2415,19-01-2024,10:30 AM,10:40 AM,Bhangagarh Bridge - 1,Guwahati,From ABC Point (Bhangagarh Bridge 1),66,3,5,5,39,0,2,120,59,61,0,0.550436751
2416,19-01-2024,10:40 AM,10:50 AM,Bhangagarh Bridge - 1,Guwahati,From Rajgarh (Bhangagarh Bridge 1),0,0,1,0,2,0,0,3,0,3,0,0.641433824
2417,19-01-2024,10:40 AM,10:50 AM,Bhangagarh Bridge - 1,Guwahati,From ABC Point (Bhangagarh Bridge 1),56,7,5,2,37,0,2,109,53,56,0,0.547799954
2418,19-01-2024,10:40 AM,10:50 AM,Bhangagarh Bridge - 1,Guwahati,From Ulubari (Bhangagarh Bridge 1),15,0,0,0,35,0,0,50,33,17,0,0.364457917
2419,19-01-2024,10:50 AM,11:00 AM,Bhangagarh Bridge - 1,Guwahati,From Ulubari (Bhangagarh Bridge 1),12,0,0,0,9,2,2,25,4,21,0,0.146459497
2420,19-01-2024,10:50 AM,11:00 AM,Bhangagarh Bridge - 1,Guwahati,From Rajgarh (Bhangagarh Bridge 1),3,0,1,0,2,0,0,6,1,4,1,0.01002892
2421,19-01-2024,10:50 AM,11:00 AM,Bhangagarh Bridge - 1,Guwahati,From ABC Point (Bhangagarh Bridge 1),15,0,0,0,5,0,2,22,6,12,4,0.632253799
2422,19-01-2024,11:00 AM,11:10 AM,Bhangagarh Bridge - 1,Guwahati,From Rajgarh (Bhangagarh Bridge 1),67,10,1,5,34,3,5,125,37,53,35,0.990766842
2423,19-01-2024,11:00 AM,11:10 AM,Bhangagarh Bridge - 1,Guwahati,From ABC Point (Bhangagarh Bridge 1),11,5,2,3,10,3,8,42,17,25,0,0.071230709
2424,19-01-2024,11:00 AM,11:10 AM,Bhangagarh Bridge - 1,Guwahati,From Ulubari (Bhangagarh Bridge 1),96,25,1,8,61,0,10,201,103,98,0,0.498225366
2425,19-01-2024,11:10 AM,11:20 AM,Bhangagarh Bridge - 1,Guwahati,From ABC Point (Bhangagarh Bridge 1),24,2,2,7,16,2,6,59,18,31,10,0.564915318
2426,19-01-2024,11:10 AM,11:20 AM,Bhangagarh Bridge - 1,Guwahati,From Rajgarh (Bhangagarh Bridge 1),1,0,0,0,8,0,0,9,2,7,0,0.266920559
2427,19-01-2024,11:10 AM,11:20 AM,Bhangagarh Bridge - 1,Guwahati,From Ulubari (Bhangagarh Bridge 1),32,2,0,2,22,4,18,80,28,52,0,0.361830925
2428,19-01-2024,11:20 AM,11:30 AM,Bhangagarh Bridge - 1,Guwahati,From Rajgarh (Bhangagarh Bridge 1),50,4,9,1,18,0,2,84,30,32,22,0.621600288
2429,19-01-2024,11:20 AM,11:30 AM,Bhangagarh Bridge - 1,Guwahati,From ABC Point (Bhangagarh Bridge 1),56,2,0,7,47,2,14,128,66,62,0,0.265159954
2430,19-01-2024,11:20 AM,11:30 AM,Bhangagarh Bridge - 1,Guwahati,From Ulubari (Bhangagarh Bridge 1),47,3,0,0,30,7,6,93,29,64,0,0.161375296
2431,19-01-2024,11:30 AM,11:40 AM,Bhangagarh Bridge - 1,Guwahati,From ABC Point (Bhangagarh Bridge 1),36,2,12,2,32,4,1,89,48,41,0,0.776582558
2432,19-01-2024,11:30 AM,11:40 AM,Bhangagarh Bridge - 1,Guwahati,From Ulubari (Bhangagarh Bridge 1),39,5,0,1,17,0,14,76,37,39,0,0.958886687
2433,19-01-2024,11:30 AM,11:40 AM,Bhangagarh Bridge - 1,Guwahati,From Rajgarh (Bhangagarh Bridge 1),2,0,1,0,3,0,0,6,1,4,1,0.186107731
2434,19-01-2024,11:40 AM,11:50 AM,Bhangagarh Bridge - 1,Guwahati,From Ulubari (Bhangagarh Bridge 1),0,0,0,0,1,0,0,1,0,1,0,0.791249073
2435,19-01-2024,11:40 AM,11:50 AM,Bhangagarh Bridge - 1,Guwahati,From Rajgarh (Bhangagarh Bridge 1),89,8,3,6,26,1,10,143,49,68,26,0.526502759
2436,19-01-2024,11:40 AM,11:50 AM,Bhangagarh Bridge - 1,Guwahati,From ABC Point (Bhangagarh Bridge 1),54,11,4,3,40,0,6,118,56,62,0,0.66478885
2437,19-01-2024,11:50 AM,12:00 PM,Bhangagarh Bridge - 1,Guwahati,From ABC Point (Bhangagarh Bridge 1),65,4,1,4,32,1,10,117,42,50,25,0.687984671
2438,19-01-2024,11:50 AM,12:00 PM,Bhangagarh Bridge - 1,Guwahati,From Rajgarh (Bhangagarh Bridge 1),5,2,0,0,34,0,0,41,26,15,0,0.717368515
2439,19-01-2024,11:50 AM,12:00 PM,Bhangagarh Bridge - 1,Guwahati,From Ulubari (Bhangagarh Bridge 1),24,0,1,0,23,0,0,48,10,29,9,0.675408472
2440,19-01-2024,12:00 PM,12:10 PM,Bhangagarh Bridge - 1,Guwahati,From Ulubari (Bhangagarh Bridge 1),1,3,0,0,3,0,0,7,2,5,0,0.924912444
2441,19-01-2024,12:00 PM,12:10 PM,Bhangagarh Bridge - 1,Guwahati,From Rajgarh (Bhangagarh Bridge 1),10,0,0,0,43,0,0,53,30,23,0,0.464146751
2442,19-01-2024,12:00 PM,12:10 PM,Bhangagarh Bridge - 1,Guwahati,From ABC Point (Bhangagarh Bridge 1),4,0,0,0,34,0,0,38,22,16,0,0.978115138
2443,19-01-2024,12:10 PM,12:20 PM,Bhangagarh Bridge - 1,Guwahati,From Ulubari (Bhangagarh Bridge 1),102,24,3,5,69,2,7,212,95,117,0,0.632639058
2444,19-01-2024,12:10 PM,12:20 PM,Bhangagarh Bridge - 1,Guwahati,From Rajgarh (Bhangagarh Bridge 1),21,1,2,0,16,0,0,40,4,31,5,0.547972657
2445,19-01-2024,12:10 PM,12:20 PM,Bhangagarh Bridge - 1,Guwahati,From ABC Point (Bhangagarh Bridge 1),18,7,1,4,10,2,9,51,22,29,0,0.861593338
2446,19-01-2024,12:20 PM,12:30 PM,Bhangagarh Bridge - 1,Guwahati,From Ulubari (Bhangagarh Bridge 1),123,26,11,7,82,0,12,261,117,144,0,0.617469311
2447,19-01-2024,12:20 PM,12:30 PM,Bhangagarh Bridge - 1,Guwahati,From Rajgarh (Bhangagarh Bridge 1),31,2,1,2,44,9,6,95,42,53,0,0.952492511
2448,19-01-2024,12:20 PM,12:30 PM,Bhangagarh Bridge - 1,Guwahati,From ABC Point (Bhangagarh Bridge 1),53,14,1,13,45,1,8,135,64,71,0,0.212520133
2449,19-01-2024,12:30 PM,12:40 PM,Bhangagarh Bridge - 1,Guwahati,From ABC Point (Bhangagarh Bridge 1),35,2,4,2,10,1,6,60,24,27,9,0.0921516
2450,19-01-2024,12:30 PM,12:40 PM,Bhangagarh Bridge - 1,Guwahati,From Ulubari (Bhangagarh Bridge 1),77,1,3,1,43,0,1,126,50,46,30,0.8423957
2451,19-01-2024,12:30 PM,12:40 PM,Bhangagarh Bridge - 1,Guwahati,From Rajgarh (Bhangagarh Bridge 1),11,0,1,0,1,0,1,14,4,9,1,0.931861645
2452,19-01-2024,12:40 PM,12:50 PM,Bhangagarh Bridge - 1,Guwahati,From Ulubari (Bhangagarh Bridge 1),5,2,0,0,4,0,0,11,5,6,0,0.270637469
2453,19-01-2024,12:40 PM,12:50 PM,Bhangagarh Bridge - 1,Guwahati,From ABC Point (Bhangagarh Bridge 1),17,2,0,0,37,0,0,56,35,21,0,0.329972131
2454,19-01-2024,12:40 PM,12:50 PM,Bhangagarh Bridge - 1,Guwahati,From Rajgarh (Bhangagarh Bridge 1),31,0,0,0,11,0,14,56,14,42,0,0.035684444
2455,19-01-2024,12:50 PM,1:00 PM,Bhangagarh Bridge - 1,Guwahati,From ABC Point (Bhangagarh Bridge 1),40,6,1,6,38,9,5,105,53,52,0,0.300830176
2456,19-01-2024,12:50 PM,1:00 PM,Bhangagarh Bridge - 1,Guwahati,From Rajgarh (Bhangagarh Bridge 1),63,7,0,4,63,5,14,156,47,109,0,0.634016549
2457,19-01-2024,12:50 PM,1:00 PM,Bhangagarh Bridge - 1,Guwahati,From Ulubari (Bhangagarh Bridge 1),3,0,1,0,1,0,0,5,0,5,0,0.851002344
2458,19-01-2024,1:00 PM,1:10 PM,Bhangagarh Bridge - 1,Guwahati,From ABC Point (Bhangagarh Bridge 1),54,6,1,2,36,1,14,114,52,62,0,0.544907802
2459,19-01-2024,1:00 PM,1:10 PM,Bhangagarh Bridge - 1,Guwahati,From Rajgarh (Bhangagarh Bridge 1),1,0,0,0,0,0,0,1,0,1,0,0.498480747
2460,19-01-2024,1:00 PM,1:10 PM,Bhangagarh Bridge - 1,Guwahati,From Ulubari (Bhangagarh Bridge 1),85,10,0,6,69,4,17,191,70,121,0,0.245462031
2461,19-01-2024,1:10 PM,1:20 PM,Bhangagarh Bridge - 1,Guwahati,From Ulubari (Bhangagarh Bridge 1),48,5,1,0,37,9,25,125,19,106,0,0.54076602
2462,19-01-2024,1:10 PM,1:20 PM,Bhangagarh Bridge - 1,Guwahati,From Rajgarh (Bhangagarh Bridge 1),70,11,4,1,40,0,5,131,63,68,0,0.801182389
2463,19-01-2024,1:10 PM,1:20 PM,Bhangagarh Bridge - 1,Guwahati,From ABC Point (Bhangagarh Bridge 1),43,9,4,7,18,6,7,94,55,39,0,0.412157772
2464,19-01-2024,1:20 PM,1:30 PM,Bhangagarh Bridge - 1,Guwahati,From Rajgarh (Bhangagarh Bridge 1),65,7,0,0,47,0,6,125,57,68,0,0.739311589
2465,19-01-2024,1:20 PM,1:30 PM,Bhangagarh Bridge - 1,Guwahati,From ABC Point (Bhangagarh Bridge 1),47,6,0,1,21,3,11,89,41,48,0,0.873680402
2466,19-01-2024,1:20 PM,1:30 PM,Bhangagarh Bridge - 1,Guwahati,From Ulubari (Bhangagarh Bridge 1),18,3,0,0,31,1,3,56,30,26,0,0.813092088
2467,19-01-2024,1:30 PM,1:40 PM,Bhangagarh Bridge - 1,Guwahati,From Ulubari (Bhangagarh Bridge 1),9,0,1,0,25,0,0,35,16,19,0,0.6299693
2468,19-01-2024,1:30 PM,1:40 PM,Bhangagarh Bridge - 1,Guwahati,From Rajgarh (Bhangagarh Bridge 1),57,9,1,0,22,0,4,93,36,37,20,0.138492703
2469,19-01-2024,1:30 PM,1:40 PM,Bhangagarh Bridge - 1,Guwahati,From ABC Point (Bhangagarh Bridge 1),2,0,0,0,2,0,4,8,2,6,0,0.233941637
2470,19-01-2024,1:40 PM,1:50 PM,Bhangagarh Bridge - 1,Guwahati,From Ulubari (Bhangagarh Bridge 1),113,8,2,3,41,0,4,171,80,58,33,0.871986584
2471,19-01-2024,1:40 PM,1:50 PM,Bhangagarh Bridge - 1,Guwahati,From Rajgarh (Bhangagarh Bridge 1),66,2,1,2,27,0,6,104,31,45,28,0.614691064
2472,19-01-2024,1:40 PM,1:50 PM,Bhangagarh Bridge - 1,Guwahati,From ABC Point (Bhangagarh Bridge 1),128,13,6,16,85,1,16,265,112,153,0,0.963788944
2473,19-01-2024,1:50 PM,2:00 PM,Bhangagarh Bridge - 1,Guwahati,From ABC Point (Bhangagarh Bridge 1),106,3,4,5,38,1,10,167,63,71,33,0.39440586
2474,19-01-2024,1:50 PM,2:00 PM,Bhangagarh Bridge - 1,Guwahati,From Rajgarh (Bhangagarh Bridge 1),5,0,0,0,34,0,0,39,30,9,0,0.491386965
2475,19-01-2024,1:50 PM,2:00 PM,Bhangagarh Bridge - 1,Guwahati,From Ulubari (Bhangagarh Bridge 1),38,1,7,0,28,0,0,74,22,40,12,0.954740409
2476,19-01-2024,2:00 PM,2:10 PM,Bhangagarh Bridge - 1,Guwahati,From Ulubari (Bhangagarh Bridge 1),76,9,2,2,35,0,4,128,59,69,0,0.444675698
2477,19-01-2024,2:00 PM,2:10 PM,Bhangagarh Bridge - 1,Guwahati,From Rajgarh (Bhangagarh Bridge 1),48,3,7,7,28,5,1,99,51,48,0,0.735351371
2478,19-01-2024,2:00 PM,2:10 PM,Bhangagarh Bridge - 1,Guwahati,From ABC Point (Bhangagarh Bridge 1),7,8,1,5,8,2,3,34,15,19,0,0.621630903
2479,19-01-2024,2:10 PM,2:20 PM,Bhangagarh Bridge - 1,Guwahati,From Ulubari (Bhangagarh Bridge 1),4,1,0,0,51,0,0,56,39,17,0,0.45430336
2480,19-01-2024,2:10 PM,2:20 PM,Bhangagarh Bridge - 1,Guwahati,From ABC Point (Bhangagarh Bridge 1),41,5,2,5,18,18,11,100,47,53,0,0.943928427
2481,19-01-2024,2:10 PM,2:20 PM,Bhangagarh Bridge - 1,Guwahati,From Rajgarh (Bhangagarh Bridge 1),51,13,1,10,43,4,11,133,61,72,0,0.199299579
2482,19-01-2024,2:20 PM,2:30 PM,Bhangagarh Bridge - 1,Guwahati,From ABC Point (Bhangagarh Bridge 1),2,1,0,0,36,0,0,39,24,15,0,0.122194948
2483,19-01-2024,2:20 PM,2:30 PM,Bhangagarh Bridge - 1,Guwahati,From Ulubari (Bhangagarh Bridge 1),53,9,2,1,60,1,4,130,59,71,0,0.459508404
2484,19-01-2024,2:20 PM,2:30 PM,Bhangagarh Bridge - 1,Guwahati,From Rajgarh (Bhangagarh Bridge 1),56,6,0,2,52,3,10,129,59,70,0,0.544370301
2485,19-01-2024,2:30 PM,2:40 PM,Bhangagarh Bridge - 1,Guwahati,From Ulubari (Bhangagarh Bridge 1),52,12,1,1,62,0,5,133,63,70,0,0.525983943
2486,19-01-2024,2:30 PM,2:40 PM,Bhangagarh Bridge - 1,Guwahati,From ABC Point (Bhangagarh Bridge 1),13,0,1,0,21,0,1,36,14,22,0,0.57658471
2487,19-01-2024,2:30 PM,2:40 PM,Bhangagarh Bridge - 1,Guwahati,From Rajgarh (Bhangagarh Bridge 1),1,0,0,0,1,0,0,2,0,2,0,0.997065818
2488,19-01-2024,2:40 PM,2:50 PM,Bhangagarh Bridge - 1,Guwahati,From Rajgarh (Bhangagarh Bridge 1),69,8,4,4,42,1,3,131,47,55,29,0.466811972
2489,19-01-2024,2:40 PM,2:50 PM,Bhangagarh Bridge - 1,Guwahati,From ABC Point (Bhangagarh Bridge 1),11,0,1,0,6,0,0,18,1,14,3,0.669226839
2490,19-01-2024,2:40 PM,2:50 PM,Bhangagarh Bridge - 1,Guwahati,From Ulubari (Bhangagarh Bridge 1),0,0,0,0,1,0,0,1,1,0,0,0.113535973
2491,19-01-2024,2:50 PM,3:00 PM,Bhangagarh Bridge - 1,Guwahati,From ABC Point (Bhangagarh Bridge 1),52,5,0,5,37,5,4,108,40,68,0,0.774544693
2492,19-01-2024,2:50 PM,3:00 PM,Bhangagarh Bridge - 1,Guwahati,From Rajgarh (Bhangagarh Bridge 1),27,2,2,1,15,0,1,48,13,27,8,0.121121751
2493,19-01-2024,2:50 PM,3:00 PM,Bhangagarh Bridge - 1,Guwahati,From Ulubari (Bhangagarh Bridge 1),75,18,0,4,61,5,19,182,61,121,0,0.039220576
2494,19-01-2024,3:00 PM,3:10 PM,Bhangagarh Bridge - 1,Guwahati,From Ulubari (Bhangagarh Bridge 1),3,1,0,0,4,0,0,8,3,5,0,0.735212806
2495,19-01-2024,3:00 PM,3:10 PM,Bhangagarh Bridge - 1,Guwahati,From Rajgarh (Bhangagarh Bridge 1),3,0,3,0,1,0,1,8,1,5,2,0.075835862
2496,19-01-2024,3:00 PM,3:10 PM,Bhangagarh Bridge - 1,Guwahati,From ABC Point (Bhangagarh Bridge 1),26,1,0,0,8,1,4,40,13,22,5,0.309250478
2497,19-01-2024,3:10 PM,3:20 PM,Bhangagarh Bridge - 1,Guwahati,From ABC Point (Bhangagarh Bridge 1),57,6,0,5,43,1,6,118,45,73,0,0.100802958
2498,19-01-2024,3:10 PM,3:20 PM,Bhangagarh Bridge - 1,Guwahati,From Rajgarh (Bhangagarh Bridge 1),1,0,0,0,32,0,0,33,12,21,0,0.106438831
2499,19-01-2024,3:10 PM,3:20 PM,Bhangagarh Bridge - 1,Guwahati,From Ulubari (Bhangagarh Bridge 1),1,1,1,1,0,0,0,4,2,2,0,0.374768542
2500,19-01-2024,3:20 PM,3:30 PM,Bhangagarh Bridge - 1,Guwahati,From ABC Point (Bhangagarh Bridge 1),46,10,0,7,37,2,6,108,51,57,0,0.893046955
2501,19-01-2024,3:20 PM,3:30 PM,Bhangagarh Bridge - 1,Guwahati,From Ulubari (Bhangagarh Bridge 1),64,6,4,5,49,0,3,131,45,55,31,0.540967927
2502,19-01-2024,3:20 PM,3:30 PM,Bhangagarh Bridge - 1,Guwahati,From Rajgarh (Bhangagarh Bridge 1),95,17,1,4,59,0,14,190,83,107,0,0.893376117
2503,19-01-2024,3:30 PM,3:40 PM,Bhangagarh Bridge - 1,Guwahati,From Ulubari (Bhangagarh Bridge 1),55,2,3,1,47,0,2,110,37,42,31,0.1602275
2504,19-01-2024,3:30 PM,3:40 PM,Bhangagarh Bridge - 1,Guwahati,From Rajgarh (Bhangagarh Bridge 1),14,1,1,0,11,0,0,27,10,17,0,0.037379639
2505,19-01-2024,3:30 PM,3:40 PM,Bhangagarh Bridge - 1,Guwahati,From ABC Point (Bhangagarh Bridge 1),46,1,2,0,23,0,0,72,16,40,16,0.68233315
2506,19-01-2024,3:40 PM,3:50 PM,Bhangagarh Bridge - 1,Guwahati,From Rajgarh (Bhangagarh Bridge 1),7,0,3,0,11,0,0,21,1,18,2,0.788662675
2507,19-01-2024,3:40 PM,3:50 PM,Bhangagarh Bridge - 1,Guwahati,From ABC Point (Bhangagarh Bridge 1),59,2,0,3,38,0,6,108,53,55,0,0.007609053
2508,19-01-2024,3:40 PM,3:50 PM,Bhangagarh Bridge - 1,Guwahati,From Ulubari (Bhangagarh Bridge 1),79,18,0,2,43,5,16,163,44,119,0,0.284872336
2509,19-01-2024,3:50 PM,4:00 PM,Bhangagarh Bridge - 1,Guwahati,From Ulubari (Bhangagarh Bridge 1),21,4,2,0,12,1,3,43,13,30,0,0.447501385
2510,19-01-2024,3:50 PM,4:00 PM,Bhangagarh Bridge - 1,Guwahati,From Rajgarh (Bhangagarh Bridge 1),50,11,0,12,42,2,9,126,62,64,0,0.102667518
2511,19-01-2024,3:50 PM,4:00 PM,Bhangagarh Bridge - 1,Guwahati,From ABC Point (Bhangagarh Bridge 1),38,8,1,3,48,3,10,111,43,68,0,0.386694213
2512,19-01-2024,4:00 PM,4:10 PM,Bhangagarh Bridge - 1,Guwahati,From Rajgarh (Bhangagarh Bridge 1),49,8,3,3,48,0,2,113,59,54,0,0.690820223
2513,19-01-2024,4:00 PM,4:10 PM,Bhangagarh Bridge - 1,Guwahati,From ABC Point (Bhangagarh Bridge 1),121,12,4,3,68,0,1,209,80,89,40,0.532875468
2514,19-01-2024,4:00 PM,4:10 PM,Bhangagarh Bridge - 1,Guwahati,From Ulubari (Bhangagarh Bridge 1),3,0,0,0,1,0,0,4,3,1,0,0.098544293
2515,19-01-2024,4:10 PM,4:20 PM,Bhangagarh Bridge - 1,Guwahati,From Rajgarh (Bhangagarh Bridge 1),29,6,3,0,24,2,1,65,40,25,0,0.222245988
2516,19-01-2024,4:10 PM,4:20 PM,Bhangagarh Bridge - 1,Guwahati,From Ulubari (Bhangagarh Bridge 1),16,2,0,0,41,0,1,60,40,20,0,0.637411497
2517,19-01-2024,4:10 PM,4:20 PM,Bhangagarh Bridge - 1,Guwahati,From ABC Point (Bhangagarh Bridge 1),52,16,1,4,38,4,10,125,58,67,0,0.182312966
2518,19-01-2024,4:20 PM,4:30 PM,Bhangagarh Bridge - 1,Guwahati,From Ulubari (Bhangagarh Bridge 1),74,6,3,3,40,1,3,130,46,49,35,0.644003536
2519,19-01-2024,4:20 PM,4:30 PM,Bhangagarh Bridge - 1,Guwahati,From ABC Point (Bhangagarh Bridge 1),58,2,2,3,39,0,1,105,33,44,28,0.892209019
2520,19-01-2024,4:20 PM,4:30 PM,Bhangagarh Bridge - 1,Guwahati,From Rajgarh (Bhangagarh Bridge 1),45,6,5,4,36,5,8,109,57,52,0,0.741589187
2521,19-01-2024,4:30 PM,4:40 PM,Bhangagarh Bridge - 1,Guwahati,From ABC Point (Bhangagarh Bridge 1),18,3,2,1,15,3,9,51,26,25,0,0.385502777
2522,19-01-2024,4:30 PM,4:40 PM,Bhangagarh Bridge - 1,Guwahati,From Ulubari (Bhangagarh Bridge 1),57,8,5,3,40,1,14,128,59,69,0,0.535972763
2523,19-01-2024,4:30 PM,4:40 PM,Bhangagarh Bridge - 1,Guwahati,From Rajgarh (Bhangagarh Bridge 1),66,9,4,4,38,0,4,125,60,65,0,0.439462454
2524,19-01-2024,4:40 PM,4:50 PM,Bhangagarh Bridge - 1,Guwahati,From Ulubari (Bhangagarh Bridge 1),40,6,1,2,28,2,10,89,35,54,0,0.89597637
2525,19-01-2024,4:40 PM,4:50 PM,Bhangagarh Bridge - 1,Guwahati,From Rajgarh (Bhangagarh Bridge 1),0,0,0,0,2,0,0,2,0,2,0,0.308335028
2526,19-01-2024,4:40 PM,4:50 PM,Bhangagarh Bridge - 1,Guwahati,From ABC Point (Bhangagarh Bridge 1),73,4,1,6,30,0,7,121,42,45,34,0.941354206
2527,19-01-2024,4:50 PM,5:00 PM,Bhangagarh Bridge - 1,Guwahati,From Ulubari (Bhangagarh Bridge 1),62,10,0,2,24,2,8,108,38,70,0,0.376146187
2528,19-01-2024,4:50 PM,5:00 PM,Bhangagarh Bridge - 1,Guwahati,From ABC Point (Bhangagarh Bridge 1),82,4,3,6,29,1,7,132,48,52,32,0.23471454
2529,19-01-2024,4:50 PM,5:00 PM,Bhangagarh Bridge - 1,Guwahati,From Rajgarh (Bhangagarh Bridge 1),108,7,2,9,52,2,7,187,65,82,40,0.343450421
2530,19-01-2024,5:00 PM,5:10 PM,Bhangagarh Bridge - 1,Guwahati,From Ulubari (Bhangagarh Bridge 1),84,12,3,4,81,2,13,199,100,99,0,0.946211366
2531,19-01-2024,5:00 PM,5:10 PM,Bhangagarh Bridge - 1,Guwahati,From Rajgarh (Bhangagarh Bridge 1),70,10,2,3,26,1,5,117,41,42,34,0.70078571
2532,19-01-2024,5:00 PM,5:10 PM,Bhangagarh Bridge - 1,Guwahati,From ABC Point (Bhangagarh Bridge 1),2,0,0,0,1,0,0,3,0,3,0,0.820653012
2533,19-01-2024,5:10 PM,5:20 PM,Bhangagarh Bridge - 1,Guwahati,From ABC Point (Bhangagarh Bridge 1),104,14,3,7,53,1,6,188,63,89,36,0.75680064
2534,19-01-2024,5:10 PM,5:20 PM,Bhangagarh Bridge - 1,Guwahati,From Ulubari (Bhangagarh Bridge 1),73,2,2,2,19,0,8,106,36,41,29,0.725471988
2535,19-01-2024,5:10 PM,5:20 PM,Bhangagarh Bridge - 1,Guwahati,From Rajgarh (Bhangagarh Bridge 1),52,0,3,0,28,0,2,85,26,37,22,0.809744423
2536,19-01-2024,5:20 PM,5:30 PM,Bhangagarh Bridge - 1,Guwahati,From Ulubari (Bhangagarh Bridge 1),7,1,3,0,9,0,1,21,10,11,0,0.100615098
2537,19-01-2024,5:20 PM,5:30 PM,Bhangagarh Bridge - 1,Guwahati,From ABC Point (Bhangagarh Bridge 1),69,17,1,3,38,0,6,134,68,66,0,0.7776863
2538,19-01-2024,5:20 PM,5:30 PM,Bhangagarh Bridge - 1,Guwahati,From Rajgarh (Bhangagarh Bridge 1),0,0,0,0,4,0,0,4,0,4,0,0.970682449
2539,19-01-2024,5:30 PM,5:40 PM,Bhangagarh Bridge - 1,Guwahati,From Rajgarh (Bhangagarh Bridge 1),9,0,0,0,31,0,0,40,22,18,0,0.573972573
2540,19-01-2024,5:30 PM,5:40 PM,Bhangagarh Bridge - 1,Guwahati,From ABC Point (Bhangagarh Bridge 1),81,6,1,2,34,1,9,134,49,49,36,0.472038228
2541,19-01-2024,5:30 PM,5:40 PM,Bhangagarh Bridge - 1,Guwahati,From Ulubari (Bhangagarh Bridge 1),49,6,5,11,57,0,0,128,67,61,0,0.802151986
2542,19-01-2024,5:40 PM,5:50 PM,Bhangagarh Bridge - 1,Guwahati,From Ulubari (Bhangagarh Bridge 1),45,3,0,3,28,3,12,94,31,42,21,0.642266199
2543,19-01-2024,5:40 PM,5:50 PM,Bhangagarh Bridge - 1,Guwahati,From ABC Point (Bhangagarh Bridge 1),7,0,0,0,6,0,0,13,2,9,2,0.80761257
2544,19-01-2024,5:40 PM,5:50 PM,Bhangagarh Bridge - 1,Guwahati,From Rajgarh (Bhangagarh Bridge 1),5,0,16,0,18,0,1,40,4,32,4,0.484115454
2545,19-01-2024,5:50 PM,6:00 PM,Bhangagarh Bridge - 1,Guwahati,From Rajgarh (Bhangagarh Bridge 1),3,1,1,0,6,0,1,12,5,7,0,0.85878854
2546,19-01-2024,5:50 PM,6:00 PM,Bhangagarh Bridge - 1,Guwahati,From Ulubari (Bhangagarh Bridge 1),25,2,1,0,17,1,14,60,32,28,0,0.112908611
2547,19-01-2024,5:50 PM,6:00 PM,Bhangagarh Bridge - 1,Guwahati,From ABC Point (Bhangagarh Bridge 1),102,5,0,0,90,0,3,200,79,86,35,0.768614609
2548,19-01-2024,6:00 PM,6:10 PM,Bhangagarh Bridge - 1,Guwahati,From ABC Point (Bhangagarh Bridge 1),67,9,4,10,42,1,3,136,47,48,41,0.977452912
2549,19-01-2024,6:00 PM,6:10 PM,Bhangagarh Bridge - 1,Guwahati,From Rajgarh (Bhangagarh Bridge 1),20,6,2,0,8,1,2,39,14,25,0,0.852379188
2550,19-01-2024,6:00 PM,6:10 PM,Bhangagarh Bridge - 1,Guwahati,From Ulubari (Bhangagarh Bridge 1),2,0,1,0,6,0,0,9,4,5,0,0.720034521
2551,19-01-2024,6:10 PM,6:20 PM,Bhangagarh Bridge - 1,Guwahati,From Rajgarh (Bhangagarh Bridge 1),93,14,0,3,65,1,18,194,92,102,0,0.179054919
2552,19-01-2024,6:10 PM,6:20 PM,Bhangagarh Bridge - 1,Guwahati,From ABC Point (Bhangagarh Bridge 1),134,11,5,1,124,0,8,283,114,169,0,0.95013053
2553,19-01-2024,6:10 PM,6:20 PM,Bhangagarh Bridge - 1,Guwahati,From Ulubari (Bhangagarh Bridge 1),2,0,0,0,0,0,0,2,0,2,0,0.26702962
2554,19-01-2024,6:20 PM,6:30 PM,Bhangagarh Bridge - 1,Guwahati,From Rajgarh (Bhangagarh Bridge 1),5,2,1,0,8,0,0,16,6,10,0,0.049458289
2555,19-01-2024,6:20 PM,6:30 PM,Bhangagarh Bridge - 1,Guwahati,From ABC Point (Bhangagarh Bridge 1),4,0,0,0,2,0,0,6,1,4,1,0.985507476
2556,19-01-2024,6:20 PM,6:30 PM,Bhangagarh Bridge - 1,Guwahati,From Ulubari (Bhangagarh Bridge 1),41,2,0,1,44,3,7,98,48,50,0,0.668238716
2557,19-01-2024,6:30 PM,6:40 PM,Bhangagarh Bridge - 1,Guwahati,From Ulubari (Bhangagarh Bridge 1),70,5,4,1,48,0,1,129,39,49,41,0.726948791
2558,19-01-2024,6:30 PM,6:40 PM,Bhangagarh Bridge - 1,Guwahati,From Rajgarh (Bhangagarh Bridge 1),26,9,6,4,21,4,9,79,38,41,0,0.22690316
2559,19-01-2024,6:30 PM,6:40 PM,Bhangagarh Bridge - 1,Guwahati,From ABC Point (Bhangagarh Bridge 1),82,4,3,2,41,0,2,134,50,54,30,0.603711894
2560,19-01-2024,6:40 PM,6:50 PM,Bhangagarh Bridge - 1,Guwahati,From ABC Point (Bhangagarh Bridge 1),71,2,2,0,36,2,3,116,39,50,27,0.802375951
2561,19-01-2024,6:40 PM,6:50 PM,Bhangagarh Bridge - 1,Guwahati,From Rajgarh (Bhangagarh Bridge 1),1,0,0,0,3,0,0,4,1,1,2,0.113607383
2562,19-01-2024,6:40 PM,6:50 PM,Bhangagarh Bridge - 1,Guwahati,From Ulubari (Bhangagarh Bridge 1),83,12,2,1,25,0,4,127,45,47,35,0.149874899
2563,19-01-2024,6:50 PM,7:00 PM,Bhangagarh Bridge - 1,Guwahati,From ABC Point (Bhangagarh Bridge 1),82,12,5,4,57,3,11,174,64,110,0,0.340670305
2564,19-01-2024,6:50 PM,7:00 PM,Bhangagarh Bridge - 1,Guwahati,From Ulubari (Bhangagarh Bridge 1),3,4,2,1,7,0,0,17,3,14,0,0.17053344
2565,19-01-2024,6:50 PM,7:00 PM,Bhangagarh Bridge - 1,Guwahati,From Rajgarh (Bhangagarh Bridge 1),8,6,1,1,5,2,0,23,14,9,0,0.206307362
2566,19-01-2024,7:00 PM,7:10 PM,Bhangagarh Bridge - 1,Guwahati,From ABC Point (Bhangagarh Bridge 1),106,15,5,17,90,0,13,246,130,116,0,0.11066153
2567,19-01-2024,7:00 PM,7:10 PM,Bhangagarh Bridge - 1,Guwahati,From Rajgarh (Bhangagarh Bridge 1),13,1,0,0,44,0,0,58,35,23,0,0.138344897
2568,19-01-2024,7:00 PM,7:10 PM,Bhangagarh Bridge - 1,Guwahati,From Ulubari (Bhangagarh Bridge 1),60,3,0,4,23,3,1,94,26,46,22,0.087585532
2569,19-01-2024,7:10 PM,7:20 PM,Bhangagarh Bridge - 1,Guwahati,From Ulubari (Bhangagarh Bridge 1),43,11,0,2,35,0,6,97,37,60,0,0.332919879
2570,19-01-2024,7:10 PM,7:20 PM,Bhangagarh Bridge - 1,Guwahati,From Rajgarh (Bhangagarh Bridge 1),3,2,0,0,22,0,0,27,8,19,0,0.585016729
2571,19-01-2024,7:10 PM,7:20 PM,Bhangagarh Bridge - 1,Guwahati,From ABC Point (Bhangagarh Bridge 1),94,4,3,5,24,2,4,136,55,44,37,0.184990559
2572,19-01-2024,7:20 PM,7:30 PM,Bhangagarh Bridge - 1,Guwahati,From ABC Point (Bhangagarh Bridge 1),25,3,2,1,8,4,13,56,13,43,0,0.726503926
2573,19-01-2024,7:20 PM,7:30 PM,Bhangagarh Bridge - 1,Guwahati,From Rajgarh (Bhangagarh Bridge 1),51,11,3,3,35,0,6,109,47,62,0,0.507023392
2574,19-01-2024,7:20 PM,7:30 PM,Bhangagarh Bridge - 1,Guwahati,From Ulubari (Bhangagarh Bridge 1),21,1,4,1,30,0,0,57,32,25,0,0.889256954
2575,19-01-2024,7:30 PM,7:40 PM,Bhangagarh Bridge - 1,Guwahati,From Ulubari (Bhangagarh Bridge 1),48,11,2,5,42,5,12,125,60,65,0,0.307269834
2576,19-01-2024,7:30 PM,7:40 PM,Bhangagarh Bridge - 1,Guwahati,From ABC Point (Bhangagarh Bridge 1),59,1,2,0,19,0,7,88,26,41,21,0.035410985
2577,19-01-2024,7:30 PM,7:40 PM,Bhangagarh Bridge - 1,Guwahati,From Rajgarh (Bhangagarh Bridge 1),86,10,4,9,62,1,10,182,76,106,0,0.428775487
2578,19-01-2024,7:40 PM,7:50 PM,Bhangagarh Bridge - 1,Guwahati,From ABC Point (Bhangagarh Bridge 1),54,8,3,7,49,1,4,126,57,69,0,0.369411439
2579,19-01-2024,7:40 PM,7:50 PM,Bhangagarh Bridge - 1,Guwahati,From Rajgarh (Bhangagarh Bridge 1),55,4,6,6,51,2,7,131,65,66,0,0.880711572
2580,19-01-2024,7:40 PM,7:50 PM,Bhangagarh Bridge - 1,Guwahati,From Ulubari (Bhangagarh Bridge 1),58,8,3,10,43,2,12,136,68,68,0,0.702318362
2581,19-01-2024,7:50 PM,8:00 PM,Bhangagarh Bridge - 1,Guwahati,From Rajgarh (Bhangagarh Bridge 1),59,9,7,4,23,6,5,113,39,49,25,0.470733293
2582,19-01-2024,7:50 PM,8:00 PM,Bhangagarh Bridge - 1,Guwahati,From ABC Point (Bhangagarh Bridge 1),69,8,1,3,37,0,2,120,43,46,31,0.457532475
2583,19-01-2024,7:50 PM,8:00 PM,Bhangagarh Bridge - 1,Guwahati,From Ulubari (Bhangagarh Bridge 1),67,11,0,6,28,1,3,116,42,44,30,0.93681516
2584,19-01-2024,8:00 PM,8:10 PM,Bhangagarh Bridge - 1,Guwahati,From Rajgarh (Bhangagarh Bridge 1),73,3,1,2,32,1,4,116,43,46,27,0.072466289
2585,19-01-2024,8:00 PM,8:10 PM,Bhangagarh Bridge - 1,Guwahati,From Ulubari (Bhangagarh Bridge 1),57,13,5,9,39,2,1,126,44,46,36,0.847722656
2586,19-01-2024,8:00 PM,8:10 PM,Bhangagarh Bridge - 1,Guwahati,From ABC Point (Bhangagarh Bridge 1),98,9,4,6,53,1,5,176,68,73,35,0.773671394
2587,19-01-2024,8:10 PM,8:20 PM,Bhangagarh Bridge - 1,Guwahati,From Rajgarh (Bhangagarh Bridge 1),83,16,1,5,70,0,22,197,89,108,0,0.114498096
2588,19-01-2024,8:10 PM,8:20 PM,Bhangagarh Bridge - 1,Guwahati,From ABC Point (Bhangagarh Bridge 1),3,0,0,0,2,0,0,5,1,4,0,0.355895274
2589,19-01-2024,8:10 PM,8:20 PM,Bhangagarh Bridge - 1,Guwahati,From Ulubari (Bhangagarh Bridge 1),26,1,1,6,18,1,3,56,18,30,8,0.491975567
2590,19-01-2024,8:20 PM,8:30 PM,Bhangagarh Bridge - 1,Guwahati,From ABC Point (Bhangagarh Bridge 1),58,3,0,2,41,2,14,120,59,61,0,0.762169201
2591,19-01-2024,8:20 PM,8:30 PM,Bhangagarh Bridge - 1,Guwahati,From Rajgarh (Bhangagarh Bridge 1),1,0,1,0,5,0,0,7,1,6,0,0.178687874
2592,19-01-2024,8:20 PM,8:30 PM,Bhangagarh Bridge - 1,Guwahati,From Ulubari (Bhangagarh Bridge 1),58,6,0,3,34,0,6,107,50,57,0,0.508482947
2593,19-01-2024,8:30 PM,8:40 PM,Bhangagarh Bridge - 1,Guwahati,From Rajgarh (Bhangagarh Bridge 1),13,4,1,2,22,0,0,42,15,27,0,0.420373818
2594,19-01-2024,8:30 PM,8:40 PM,Bhangagarh Bridge - 1,Guwahati,From Ulubari (Bhangagarh Bridge 1),1,0,1,0,4,0,0,6,0,4,2,0.12621043
2595,19-01-2024,8:30 PM,8:40 PM,Bhangagarh Bridge - 1,Guwahati,From ABC Point (Bhangagarh Bridge 1),41,1,5,1,18,0,1,67,23,35,9,0.50127398
2596,19-01-2024,8:40 PM,8:50 PM,Bhangagarh Bridge - 1,Guwahati,From Ulubari (Bhangagarh Bridge 1),47,7,1,5,47,2,2,111,44,67,0,0.278459648
2597,19-01-2024,8:40 PM,8:50 PM,Bhangagarh Bridge - 1,Guwahati,From ABC Point (Bhangagarh Bridge 1),13,2,0,0,33,0,0,48,30,18,0,0.53967016
2598,19-01-2024,8:40 PM,8:50 PM,Bhangagarh Bridge - 1,Guwahati,From Rajgarh (Bhangagarh Bridge 1),45,6,1,1,35,4,11,103,41,62,0,0.448662107
2599,19-01-2024,8:50 PM,9:00 PM,Bhangagarh Bridge - 1,Guwahati,From ABC Point (Bhangagarh Bridge 1),14,3,1,1,26,0,0,45,21,24,0,0.651798504
2600,19-01-2024,8:50 PM,9:00 PM,Bhangagarh Bridge - 1,Guwahati,From Ulubari (Bhangagarh Bridge 1),1,0,0,0,2,0,0,3,1,2,0,0.640355589
2601,19-01-2024,8:50 PM,9:00 PM,Bhangagarh Bridge - 1,Guwahati,From Rajgarh (Bhangagarh Bridge 1),122,11,2,11,55,1,7,209,83,77,49,0.6597026
2602,19-01-2024,9:00 PM,9:10 PM,Bhangagarh Bridge - 1,Guwahati,From Rajgarh (Bhangagarh Bridge 1),50,11,0,0,43,4,7,115,50,65,0,0.429756355
2603,19-01-2024,9:00 PM,9:10 PM,Bhangagarh Bridge - 1,Guwahati,From ABC Point (Bhangagarh Bridge 1),52,6,0,2,20,0,8,88,17,71,0,0.479529259
2604,19-01-2024,9:00 PM,9:10 PM,Bhangagarh Bridge - 1,Guwahati,From Ulubari (Bhangagarh Bridge 1),52,0,2,0,19,0,5,78,24,35,19,0.583578093
2605,19-01-2024,9:10 PM,9:20 PM,Bhangagarh Bridge - 1,Guwahati,From Ulubari (Bhangagarh Bridge 1),107,3,12,2,52,0,2,178,68,76,34,0.134471591
2606,19-01-2024,9:10 PM,9:20 PM,Bhangagarh Bridge - 1,Guwahati,From ABC Point (Bhangagarh Bridge 1),126,12,0,10,69,2,28,247,111,136,0,0.708043905
2607,19-01-2024,9:10 PM,9:20 PM,Bhangagarh Bridge - 1,Guwahati,From Rajgarh (Bhangagarh Bridge 1),2,0,0,0,0,0,0,2,1,1,0,0.695333009
2608,19-01-2024,9:20 PM,9:30 PM,Bhangagarh Bridge - 1,Guwahati,From Rajgarh (Bhangagarh Bridge 1),5,2,2,0,14,0,1,24,13,11,0,0.077799603
2609,19-01-2024,9:20 PM,9:30 PM,Bhangagarh Bridge - 1,Guwahati,From ABC Point (Bhangagarh Bridge 1),22,0,3,0,18,0,0,43,12,25,6,0.731854854
2610,19-01-2024,9:20 PM,9:30 PM,Bhangagarh Bridge - 1,Guwahati,From Ulubari (Bhangagarh Bridge 1),43,5,1,8,38,10,10,115,59,56,0,0.987268504
2611,19-01-2024,9:30 PM,9:40 PM,Bhangagarh Bridge - 1,Guwahati,From Ulubari (Bhangagarh Bridge 1),5,1,4,0,1,0,0,11,1,9,1,0.198178385
2612,19-01-2024,9:30 PM,9:40 PM,Bhangagarh Bridge - 1,Guwahati,From Rajgarh (Bhangagarh Bridge 1),79,11,2,3,52,2,13,162,63,99,0,0.12001912
2613,19-01-2024,9:30 PM,9:40 PM,Bhangagarh Bridge - 1,Guwahati,From ABC Point (Bhangagarh Bridge 1),84,3,2,0,33,0,1,123,40,51,32,0.24660399
2614,19-01-2024,9:40 PM,9:50 PM,Bhangagarh Bridge - 1,Guwahati,From Rajgarh (Bhangagarh Bridge 1),15,2,0,1,7,0,1,26,12,13,1,0.847285145
2615,19-01-2024,9:40 PM,9:50 PM,Bhangagarh Bridge - 1,Guwahati,From Ulubari (Bhangagarh Bridge 1),40,5,4,1,23,0,0,73,42,31,0,0.709399741
2616,19-01-2024,9:40 PM,9:50 PM,Bhangagarh Bridge - 1,Guwahati,From ABC Point (Bhangagarh Bridge 1),46,10,0,6,50,2,7,121,55,66,0,0.150310997
2617,19-01-2024,9:50 PM,10:00 PM,Bhangagarh Bridge - 1,Guwahati,From Ulubari (Bhangagarh Bridge 1),30,4,12,6,33,3,3,91,49,42,0,0.324030455
2618,19-01-2024,9:50 PM,10:00 PM,Bhangagarh Bridge - 1,Guwahati,From ABC Point (Bhangagarh Bridge 1),53,6,2,7,48,2,4,122,62,60,0,0.226380742
2619,19-01-2024,9:50 PM,10:00 PM,Bhangagarh Bridge - 1,Guwahati,From Rajgarh (Bhangagarh Bridge 1),102,3,6,2,36,0,2,151,55,48,48,0.54936191
2620,19-01-2024,10:00 PM,10:10 PM,Bhangagarh Bridge - 1,Guwahati,From Ulubari (Bhangagarh Bridge 1),82,9,0,1,52,2,17,163,77,86,0,0.165786859
2621,19-01-2024,10:00 PM,10:10 PM,Bhangagarh Bridge - 1,Guwahati,From Rajgarh (Bhangagarh Bridge 1),55,3,2,2,18,3,4,87,27,38,22,0.225345561
2622,19-01-2024,10:00 PM,10:10 PM,Bhangagarh Bridge - 1,Guwahati,From ABC Point (Bhangagarh Bridge 1),70,7,1,9,36,1,7,131,64,67,0,0.93755466
2623,19-01-2024,10:10 PM,10:20 PM,Bhangagarh Bridge - 1,Guwahati,From Ulubari (Bhangagarh Bridge 1),47,4,6,13,30,1,5,106,50,56,0,0.441055577
2624,19-01-2024,10:10 PM,10:20 PM,Bhangagarh Bridge - 1,Guwahati,From Rajgarh (Bhangagarh Bridge 1),53,7,7,7,40,2,8,124,62,62,0,0.262683026
2625,19-01-2024,10:10 PM,10:20 PM,Bhangagarh Bridge - 1,Guwahati,From ABC Point (Bhangagarh Bridge 1),22,0,3,1,5,0,0,31,7,19,5,0.182444223
2626,19-01-2024,10:20 PM,10:30 PM,Bhangagarh Bridge - 1,Guwahati,From Ulubari (Bhangagarh Bridge 1),44,3,0,1,48,2,11,109,46,63,0,0.166621025
2627,19-01-2024,10:20 PM,10:30 PM,Bhangagarh Bridge - 1,Guwahati,From ABC Point (Bhangagarh Bridge 1),52,9,0,9,38,1,12,121,55,66,0,0.722173149
2628,19-01-2024,10:20 PM,10:30 PM,Bhangagarh Bridge - 1,Guwahati,From Rajgarh (Bhangagarh Bridge 1),25,0,0,0,53,0,0,78,46,32,0,0.773591454
2629,19-01-2024,10:30 PM,10:40 PM,Bhangagarh Bridge - 1,Guwahati,From ABC Point (Bhangagarh Bridge 1),4,1,0,0,19,0,0,24,2,22,0,0.558233754
2630,19-01-2024,10:30 PM,10:40 PM,Bhangagarh Bridge - 1,Guwahati,From Ulubari (Bhangagarh Bridge 1),2,0,1,0,23,0,0,26,3,23,0,0.966853421
2631,19-01-2024,10:30 PM,10:40 PM,Bhangagarh Bridge - 1,Guwahati,From Rajgarh (Bhangagarh Bridge 1),15,2,0,0,27,0,0,44,28,16,0,0.660994685
2632,19-01-2024,10:40 PM,10:50 PM,Bhangagarh Bridge - 1,Guwahati,From Ulubari (Bhangagarh Bridge 1),2,2,2,0,10,0,0,16,5,11,0,0.709530801
2633,19-01-2024,10:40 PM,10:50 PM,Bhangagarh Bridge - 1,Guwahati,From Rajgarh (Bhangagarh Bridge 1),26,4,0,0,31,0,0,61,33,28,0,0.858526214
2634,19-01-2024,10:40 PM,10:50 PM,Bhangagarh Bridge - 1,Guwahati,From ABC Point (Bhangagarh Bridge 1),74,3,2,2,25,3,14,123,38,55,30,0.355218917
2635,19-01-2024,10:50 PM,11:00 PM,Bhangagarh Bridge - 1,Guwahati,From Ulubari (Bhangagarh Bridge 1),20,5,3,3,10,2,6,49,28,21,0,0.811269447
2636,19-01-2024,10:50 PM,11:00 PM,Bhangagarh Bridge - 1,Guwahati,From Rajgarh (Bhangagarh Bridge 1),57,3,8,8,40,1,5,122,62,60,0,0.907268774
2637,19-01-2024,10:50 PM,11:00 PM,Bhangagarh Bridge - 1,Guwahati,From ABC Point (Bhangagarh Bridge 1),4,2,1,0,9,0,0,16,6,10,0,0.016039603
2638,19-01-2024,11:00 PM,11:10 PM,Bhangagarh Bridge - 1,Guwahati,From Ulubari (Bhangagarh Bridge 1),110,6,2,7,68,2,5,200,70,87,43,0.637989112
2639,19-01-2024,11:00 PM,11:10 PM,Bhangagarh Bridge - 1,Guwahati,From ABC Point (Bhangagarh Bridge 1),51,8,2,4,39,3,8,115,58,57,0,0.941125466
2640,19-01-2024,11:00 PM,11:10 PM,Bhangagarh Bridge - 1,Guwahati,From Rajgarh (Bhangagarh Bridge 1),40,5,1,6,41,0,20,113,56,57,0,0.872672811
2641,19-01-2024,11:10 PM,11:20 PM,Bhangagarh Bridge - 1,Guwahati,From ABC Point (Bhangagarh Bridge 1),73,13,0,7,54,7,6,160,81,79,0,0.409688496
2642,19-01-2024,11:10 PM,11:20 PM,Bhangagarh Bridge - 1,Guwahati,From Rajgarh (Bhangagarh Bridge 1),2,0,0,0,2,0,0,4,0,4,0,0.217960432
2643,19-01-2024,11:10 PM,11:20 PM,Bhangagarh Bridge - 1,Guwahati,From Ulubari (Bhangagarh Bridge 1),0,0,1,0,7,0,0,8,4,4,0,0.702866245
2644,19-01-2024,11:20 PM,11:30 PM,Bhangagarh Bridge - 1,Guwahati,From Ulubari (Bhangagarh Bridge 1),5,0,0,0,4,0,0,9,1,8,0,0.382425002
2645,19-01-2024,11:20 PM,11:30 PM,Bhangagarh Bridge - 1,Guwahati,From ABC Point (Bhangagarh Bridge 1),2,0,0,0,4,0,0,6,0,6,0,0.969511174
2646,19-01-2024,11:20 PM,11:30 PM,Bhangagarh Bridge - 1,Guwahati,From Rajgarh (Bhangagarh Bridge 1),43,12,0,1,34,0,0,90,48,42,0,0.938291777
2647,19-01-2024,11:30 PM,11:40 PM,Bhangagarh Bridge - 1,Guwahati,From ABC Point (Bhangagarh Bridge 1),73,6,1,5,31,2,4,122,42,56,24,0.704219976
2648,19-01-2024,11:30 PM,11:40 PM,Bhangagarh Bridge - 1,Guwahati,From Rajgarh (Bhangagarh Bridge 1),1,0,2,0,2,0,0,5,0,5,0,0.778606014
2649,19-01-2024,11:30 PM,11:40 PM,Bhangagarh Bridge - 1,Guwahati,From Ulubari (Bhangagarh Bridge 1),23,1,0,1,22,0,1,48,25,23,0,0.057580234
2650,19-01-2024,11:40 PM,11:50 PM,Bhangagarh Bridge - 1,Guwahati,From Ulubari (Bhangagarh Bridge 1),1,0,0,0,2,0,0,3,1,2,0,0.042739003
2651,19-01-2024,11:40 PM,11:50 PM,Bhangagarh Bridge - 1,Guwahati,From ABC Point (Bhangagarh Bridge 1),19,4,3,0,25,0,2,53,19,34,0,0.691979392
2652,19-01-2024,11:40 PM,11:50 PM,Bhangagarh Bridge - 1,Guwahati,From Rajgarh (Bhangagarh Bridge 1),62,4,6,9,31,1,7,120,40,47,33,0.751875651
2653,19-01-2024,11:50 PM,12:00 AM,Bhangagarh Bridge - 1,Guwahati,From ABC Point (Bhangagarh Bridge 1),0,1,0,0,4,0,0,5,0,5,0,0.142679719
2654,19-01-2024,11:50 PM,12:00 AM,Bhangagarh Bridge - 1,Guwahati,From Rajgarh (Bhangagarh Bridge 1),0,0,0,0,3,0,0,3,0,3,0,0.854310979
2655,19-01-2024,11:50 PM,12:00 AM,Bhangagarh Bridge - 1,Guwahati,From Ulubari (Bhangagarh Bridge 1),58,4,3,5,27,3,3,103,33,45,25,0.654136206
